{"options":{},"indexes":[{"v":2,"key":{"_id":1},"name":"_id_","ns":"core_mmm.apps"},{"v":2,"key":{"name":1,"description":1},"name":"name_1_description_1","ns":"core_mmm.apps","background":true},{"v":2,"key":{"created_at":1},"name":"created_at_1","ns":"core_mmm.apps","background":true},{"v":2,"key":{"modified_at":1},"name":"modified_at_1","ns":"core_mmm.apps","background":true},{"v":2,"key":{"_fts":"text","_ftsx":1},"name":"$**_text","ns":"core_mmm.apps","background":true,"weights":{"$**":1},"default_language":"english","language_override":"language","textIndexVersion":3},{"v":2,"unique":true,"key":{"name":1},"name":"name_1","ns":"core_mmm.apps","background":true}],"uuid":"59ff6d328582415cb4c269283595536c"}