{"options":{},"indexes":[{"v":2,"key":{"_id":1},"name":"_id_","ns":"core_mmm.business_units"},{"v":2,"unique":true,"key":{"name":1,"organization":1},"name":"name_1_organization_1","ns":"core_mmm.business_units","background":true},{"v":2,"key":{"created_at":1},"name":"created_at_1","ns":"core_mmm.business_units","background":true},{"v":2,"key":{"modified_at":1},"name":"modified_at_1","ns":"core_mmm.business_units","background":true},{"v":2,"key":{"_fts":"text","_ftsx":1},"name":"$**_text","ns":"core_mmm.business_units","background":true,"weights":{"$**":1},"default_language":"english","language_override":"language","textIndexVersion":3}],"uuid":"ba00c17423d44b46a67fc9e97a139ccc"}