{"options":{},"indexes":[{"v":2,"key":{"_id":1},"name":"_id_","ns":"core_mmm.departments"},{"v":2,"unique":true,"key":{"name":1,"organization":1,"business_unit":1},"name":"name_1_organization_1_business_unit_1","ns":"core_mmm.departments","background":true},{"v":2,"key":{"created_at":1},"name":"created_at_1","ns":"core_mmm.departments","background":true},{"v":2,"key":{"modified_at":1},"name":"modified_at_1","ns":"core_mmm.departments","background":true},{"v":2,"key":{"_fts":"text","_ftsx":1},"name":"$**_text","ns":"core_mmm.departments","background":true,"weights":{"$**":1},"default_language":"english","language_override":"language","textIndexVersion":3}],"uuid":"bc18a71444a9419e9e3450cdc735e675"}