{"options":{},"indexes":[{"v":2,"key":{"_id":1},"name":"_id_","ns":"core_mmm.designations"},{"v":2,"unique":true,"key":{"name":1,"organization":1,"business_unit":1,"department":1},"name":"name_1_organization_1_business_unit_1_department_1","ns":"core_mmm.designations","background":true},{"v":2,"key":{"created_at":1},"name":"created_at_1","ns":"core_mmm.designations","background":true},{"v":2,"key":{"modified_at":1},"name":"modified_at_1","ns":"core_mmm.designations","background":true},{"v":2,"key":{"_fts":"text","_ftsx":1},"name":"$**_text","ns":"core_mmm.designations","background":true,"weights":{"$**":1},"default_language":"english","language_override":"language","textIndexVersion":3}],"uuid":"e7bfb08676b947ed98efb0a49597442d"}