{"options":{},"indexes":[{"v":2,"key":{"_id":1},"name":"_id_","ns":"core_mmm.invitations"},{"v":2,"key":{"email_address":1,"code":1,"status":1},"name":"email_address_1_code_1_status_1","ns":"core_mmm.invitations","background":true},{"v":2,"key":{"organization":1},"name":"organization_1","ns":"core_mmm.invitations","background":true},{"v":2,"key":{"from_user":1},"name":"from_user_1","ns":"core_mmm.invitations","background":true},{"v":2,"key":{"created_at":1},"name":"created_at_1","ns":"core_mmm.invitations","background":true},{"v":2,"key":{"modified_at":1},"name":"modified_at_1","ns":"core_mmm.invitations","background":true},{"v":2,"key":{"_fts":"text","_ftsx":1},"name":"$**_text","ns":"core_mmm.invitations","background":true,"weights":{"$**":1},"default_language":"english","language_override":"language","textIndexVersion":3}],"uuid":"2cda1a31fa08471e828a3bf80a631b5d"}