{"options":{},"indexes":[{"v":2,"key":{"_id":1},"name":"_id_","ns":"core_mmm.organizations"},{"v":2,"unique":true,"key":{"name":1},"name":"name_1","ns":"core_mmm.organizations","background":true},{"v":2,"key":{"name":1,"description":1},"name":"name_1_description_1","ns":"core_mmm.organizations","background":true},{"v":2,"key":{"_id":1,"logo._id":1},"name":"_id_1_logo._id_1","ns":"core_mmm.organizations","background":true},{"v":2,"key":{"created_at":1},"name":"created_at_1","ns":"core_mmm.organizations","background":true},{"v":2,"key":{"modified_at":1},"name":"modified_at_1","ns":"core_mmm.organizations","background":true},{"v":2,"key":{"_fts":"text","_ftsx":1},"name":"$**_text","ns":"core_mmm.organizations","background":true,"weights":{"$**":1},"default_language":"english","language_override":"language","textIndexVersion":3}],"uuid":"d53abde8411e430090124e1601bace93"}