{"options":{},"indexes":[{"v":2,"key":{"_id":1},"name":"_id_","ns":"core_mmm.roles"},{"v":2,"key":{"created_at":1},"name":"created_at_1","ns":"core_mmm.roles","background":true},{"v":2,"key":{"modified_at":1},"name":"modified_at_1","ns":"core_mmm.roles","background":true},{"v":2,"key":{"_fts":"text","_ftsx":1},"name":"$**_text","ns":"core_mmm.roles","background":true,"weights":{"$**":1},"default_language":"english","language_override":"language","textIndexVersion":3}],"uuid":"1ee6f410ec5c4771b028d573f32bda0a"}