{"options":{},"indexes":[{"v":2,"key":{"_id":1},"name":"_id_","ns":"core_mmm.support_functions"},{"v":2,"key":{"created_at":1},"name":"created_at_1","ns":"core_mmm.support_functions","background":true},{"v":2,"key":{"modified_at":1},"name":"modified_at_1","ns":"core_mmm.support_functions","background":true},{"v":2,"key":{"_fts":"text","_ftsx":1},"name":"$**_text","ns":"core_mmm.support_functions","background":true,"weights":{"$**":1},"default_language":"english","language_override":"language","textIndexVersion":3}],"uuid":"7b8bfcbf3c824450888b10aedd04c3ee"}