{"options":{},"indexes":[{"v":2,"key":{"_id":1},"name":"_id_","ns":"core_mmm.urls"},{"v":2,"key":{"app":1},"name":"app_1","ns":"core_mmm.urls","background":true},{"v":2,"key":{"group":1},"name":"group_1","ns":"core_mmm.urls","background":true},{"v":2,"key":{"name":1,"group":1},"name":"name_1_group_1","ns":"core_mmm.urls","background":true},{"v":2,"key":{"app":1,"group":1,"method":1,"path":1,"name":1,"description":1},"name":"app_1_group_1_method_1_path_1_name_1_description_1","ns":"core_mmm.urls","background":true},{"v":2,"key":{"created_at":1},"name":"created_at_1","ns":"core_mmm.urls","background":true},{"v":2,"key":{"modified_at":1},"name":"modified_at_1","ns":"core_mmm.urls","background":true},{"v":2,"key":{"_fts":"text","_ftsx":1},"name":"$**_text","ns":"core_mmm.urls","background":true,"weights":{"$**":1},"default_language":"english","language_override":"language","textIndexVersion":3},{"v":2,"unique":true,"key":{"app":1,"method":1,"path":1},"name":"app_1_method_1_path_1","ns":"core_mmm.urls","background":true}],"uuid":"52dcc179c30d463f94de31f6bcae22bf"}