{"options":{},"indexes":[{"v":2,"key":{"_id":1},"name":"_id_","ns":"core_mmm.users"},{"v":2,"key":{"organization":1,"name":1,"email_address":1},"name":"organization_1_name_1_email_address_1","ns":"core_mmm.users","background":true},{"v":2,"key":{"created_at":1},"name":"created_at_1","ns":"core_mmm.users","background":true},{"v":2,"key":{"modified_at":1},"name":"modified_at_1","ns":"core_mmm.users","background":true},{"v":2,"key":{"_id":1,"login_infos.refresh_token":1},"name":"_id_1_login_infos.refresh_token_1","ns":"core_mmm.users","background":true},{"v":2,"key":{"_id":1,"login_infos.access_token":1},"name":"_id_1_login_infos.access_token_1","ns":"core_mmm.users","background":true},{"v":2,"key":{"_fts":"text","_ftsx":1},"name":"$**_text","ns":"core_mmm.users","background":true,"weights":{"$**":1},"default_language":"english","language_override":"language","textIndexVersion":3},{"v":2,"unique":true,"key":{"email_address":1},"name":"email_address_1","ns":"core_mmm.users","background":true}],"uuid":"423fe1727e544d9dbd36d80bd23faf30"}