{"options":{},"indexes":[{"v":2,"key":{"_id":1},"name":"_id_","ns":"dam_mmm.agreements"},{"v":2,"key":{"_fts":"text","_ftsx":1},"name":"$**_text","ns":"dam_mmm.agreements","background":true,"weights":{"$**":1},"default_language":"english","language_override":"language","textIndexVersion":3},{"v":2,"key":{"category":1},"name":"category_1","ns":"dam_mmm.agreements","background":true},{"v":2,"key":{"agreement_id":1},"name":"agreement_id_1","ns":"dam_mmm.agreements","background":true},{"v":2,"key":{"type":1},"name":"type_1","ns":"dam_mmm.agreements","background":true},{"v":2,"key":{"tenure":1},"name":"tenure_1","ns":"dam_mmm.agreements","background":true},{"v":2,"key":{"created_at":1},"name":"created_at_1","ns":"dam_mmm.agreements","background":true},{"v":2,"key":{"modified_at":1},"name":"modified_at_1","ns":"dam_mmm.agreements","background":true},{"v":2,"key":{"start_date":1},"name":"start_date_1","ns":"dam_mmm.agreements","background":true},{"v":2,"key":{"end_date":1},"name":"end_date_1","ns":"dam_mmm.agreements","background":true},{"v":2,"key":{"notes":1},"name":"notes_1","ns":"dam_mmm.agreements","background":true},{"v":2,"key":{"completed_fields_count":1},"name":"completed_fields_count_1","ns":"dam_mmm.agreements","background":true},{"v":2,"key":{"percentage_of_completion":1},"name":"percentage_of_completion_1","ns":"dam_mmm.agreements","background":true},{"v":2,"key":{"_id":1,"files._id":1},"name":"_id_1_files._id_1","ns":"dam_mmm.agreements","background":true},{"v":2,"key":{"_id":1,"quality_check.status":1},"name":"_id_1_quality_check.status_1","ns":"dam_mmm.agreements","background":true},{"v":2,"key":{"_id":1,"category":1},"name":"_id_1_category_1","ns":"dam_mmm.agreements","background":true},{"v":2,"key":{"type":1,"category":1},"name":"type_1_category_1","ns":"dam_mmm.agreements","background":true},{"v":2,"key":{"_id":1,"created_at":1,"modified_at":1,"completed_fields_count":1,"percentage_of_completion":1,"quality_check.status":1},"name":"icmcpq","ns":"dam_mmm.agreements","background":true},{"v":2,"key":{"_id":1,"created_at":1,"modified_at":1,"tenure":1,"start_date":1,"end_date":1,"completed_fields_count":1,"percentage_of_completion":1},"name":"icmtsecp","ns":"dam_mmm.agreements","background":true},{"v":2,"key":{"_id":1,"groups._id":1},"name":"ig","ns":"dam_mmm.agreements","background":true},{"v":2,"key":{"_id":1,"groups._id":1,"groups.vendors._id":1},"name":"iggi","ns":"dam_mmm.agreements","background":true}],"uuid":"8fbb83e5a26242be8ac645847b89ab5c"}