{"options":{},"indexes":[{"v":2,"key":{"_id":1},"name":"_id_","ns":"dam_mmm.assets"},{"v":2,"key":{"_fts":"text","_ftsx":1},"name":"TextIndex","ns":"dam_mmm.assets","weights":{"category":1,"custom_id":1,"grade":1,"highlights":1,"imdb_URL":1,"name":50,"original_name":1,"production_type":1,"resolution":1,"story":1,"tags":1,"title_class":1,"type":1,"video_on_demand":1},"default_language":"english","language_override":"language","textIndexVersion":3},{"v":2,"key":{"name":1},"name":"name_1","ns":"dam_mmm.assets","background":true},{"v":2,"key":{"status":1},"name":"status_1","ns":"dam_mmm.assets","background":true},{"v":2,"key":{"type":1},"name":"type_1","ns":"dam_mmm.assets","background":true},{"v":2,"key":{"custom_id":1},"name":"custom_id_1","ns":"dam_mmm.assets","background":true},{"v":2,"key":{"grade":1},"name":"grade_1","ns":"dam_mmm.assets","background":true},{"v":2,"key":{"created_at":1},"name":"created_at_1","ns":"dam_mmm.assets","background":true},{"v":2,"key":{"modified_at":1},"name":"modified_at_1","ns":"dam_mmm.assets","background":true},{"v":2,"key":{"category":1},"name":"category_1","ns":"dam_mmm.assets","background":true},{"v":2,"key":{"release_date":1},"name":"release_date_1","ns":"dam_mmm.assets","background":true},{"v":2,"key":{"territory":1},"name":"territory_1","ns":"dam_mmm.assets","background":true},{"v":2,"key":{"genres":1},"name":"genres_1","ns":"dam_mmm.assets","background":true},{"v":2,"key":{"title_class":1},"name":"title_class_1","ns":"dam_mmm.assets","background":true},{"v":2,"key":{"resolution":1},"name":"resolution_1","ns":"dam_mmm.assets","background":true},{"v":2,"key":{"video_on_demand":1},"name":"video_on_demand_1","ns":"dam_mmm.assets","background":true},{"v":2,"key":{"current_or_library":1},"name":"current_or_library_1","ns":"dam_mmm.assets","background":true},{"v":2,"key":{"completed_fields_count":1},"name":"completed_fields_count_1","ns":"dam_mmm.assets","background":true},{"v":2,"key":{"percentage_of_completion":1},"name":"percentage_of_completion_1","ns":"dam_mmm.assets","background":true},{"v":2,"key":{"audio_tracks.genres":1},"name":"audio_tracks.genres_1","ns":"dam_mmm.assets","background":true},{"v":2,"key":{"audio_tracks.type":1},"name":"audio_tracks.type_1","ns":"dam_mmm.assets","background":true},{"v":2,"key":{"audio_tracks.audio_formats":1},"name":"audio_tracks.audio_formats_1","ns":"dam_mmm.assets","background":true},{"v":2,"key":{"re_censors.cbfc_rating":1},"name":"re_censors.cbfc_rating_1","ns":"dam_mmm.assets","background":true},{"v":2,"key":{"_id":1,"files._id":1},"name":"_id_1_files._id_1","ns":"dam_mmm.assets","background":true},{"v":2,"key":{"_id":1,"files":1},"name":"_id_1_files_1","ns":"dam_mmm.assets","background":true},{"v":2,"key":{"_id":1,"status":1},"name":"_id_1_status_1","ns":"dam_mmm.assets","background":true},{"v":2,"key":{"_id":1,"type":1},"name":"_id_1_type_1","ns":"dam_mmm.assets","background":true},{"v":2,"key":{"_id":1,"name":1,"custom_id":1},"name":"_id_1_name_1_custom_id_1","ns":"dam_mmm.assets","background":true},{"v":2,"key":{"_id":1,"quality_check.status":1},"name":"_id_1_quality_check.status_1","ns":"dam_mmm.assets","background":true},{"v":2,"key":{"_id":1,"change_log":1},"name":"_id_1_change_log_1","ns":"dam_mmm.assets","background":true},{"v":2,"key":{"_id":1,"category":1},"name":"_id_1_category_1","ns":"dam_mmm.assets","background":true},{"v":2,"key":{"_id":1,"quality_check.status":1,"quality_check.modified_by":1,"quality_check.status_modified_at":1},"name":"iqqq","ns":"dam_mmm.assets","background":true},{"v":2,"key":{"_id":1,"custom_id":1,"name":1,"created_at":1,"modified_at":1,"completed_fields_count":1,"percentage_of_completion":1,"quality_check.status":1},"name":"icncmcppq","ns":"dam_mmm.assets","background":true},{"v":2,"key":{"_id":1,"name":1,"type":1,"custom_id":1,"grade":1,"category":1,"title_class":1,"resolution":1,"video_on_demand":1,"current_or_library":1,"imdb_URL":1,"production_type":1,"original_name":1,"territory":1,"re_censors.cbfc_rating":1},"name":"intcgctrvhcipoots","ns":"dam_mmm.assets","background":true},{"v":2,"unique":true,"key":{"code":1},"name":"code_1","ns":"dam_mmm.assets","background":true}],"uuid":"7f383f38f95a4e8fae4d357d4a18905d"}