{"options":{},"indexes":[{"v":2,"key":{"_id":1},"name":"_id_","ns":"dam_mmm.banners"},{"v":2,"key":{"_id":1,"name":1},"name":"_id_1_name_1","ns":"dam_mmm.banners","background":true},{"v":2,"key":{"_id":1,"name":1,"created_at":1,"modified_at":1,"completed_fields_count":1,"percentage_of_completion":1,"quality_check.status":1},"name":"incmcpq","ns":"dam_mmm.banners","background":true},{"v":2,"key":{"_fts":"text","_ftsx":1},"name":"$**_text","ns":"dam_mmm.banners","background":true,"weights":{"$**":1},"default_language":"english","language_override":"language","textIndexVersion":3},{"v":2,"unique":true,"key":{"name":1},"name":"name_1","ns":"dam_mmm.banners","background":true}],"uuid":"0996b35698cf47e08dcb3bba5351bef0"}