{"options":{},"indexes":[{"v":2,"key":{"_id":1},"name":"_id_","ns":"dam_mmm.distributors"},{"v":2,"unique":true,"key":{"name":1},"name":"name_1","ns":"dam_mmm.distributors","background":true},{"v":2,"key":{"_id":1,"name":1},"name":"_id_1_name_1","ns":"dam_mmm.distributors","background":true},{"v":2,"key":{"_fts":"text","_ftsx":1},"name":"$**_text","ns":"dam_mmm.distributors","background":true,"weights":{"$**":1},"default_language":"english","language_override":"language","textIndexVersion":3}],"uuid":"605834d95ca841b79bf7e6a23536f059"}