{"options":{},"indexes":[{"v":2,"key":{"_id":1},"name":"_id_","ns":"dam_mmm.languages"},{"v":2,"key":{"_fts":"text","_ftsx":1},"name":"$**_text","ns":"dam_mmm.languages","background":true,"weights":{"$**":1},"default_language":"english","language_override":"language","textIndexVersion":3},{"v":2,"unique":true,"key":{"name":1},"name":"name_1","ns":"dam_mmm.languages","background":true},{"v":2,"key":{"_id":1,"name":1},"name":"_id_1_name_1","ns":"dam_mmm.languages","background":true}],"uuid":"c1597cec1bf74e85abd76d532e75d311"}