{"options":{},"indexes":[{"v":2,"key":{"_id":1},"name":"_id_","ns":"dam_mmm.notifications"},{"v":2,"key":{"_id":1,"to":1},"name":"_id_1_to_1","ns":"dam_mmm.notifications","background":true},{"v":2,"key":{"to":1},"name":"to_1","ns":"dam_mmm.notifications","background":true},{"v":2,"key":{"title":1,"to":1},"name":"title_1_to_1","ns":"dam_mmm.notifications","background":true},{"v":2,"key":{"agreement":1,"to":1},"name":"agreement_1_to_1","ns":"dam_mmm.notifications","background":true},{"v":2,"key":{"category":1,"type":1,"_id":1},"name":"category_1_type_1__id_1","ns":"dam_mmm.notifications","background":true},{"v":2,"key":{"category":1,"type":1},"name":"category_1_type_1","ns":"dam_mmm.notifications","background":true},{"v":2,"key":{"partner":1,"to":1},"name":"partner_1_to_1","ns":"dam_mmm.notifications","background":true},{"v":2,"key":{"celebrity":1,"to":1},"name":"celebrity_1_to_1","ns":"dam_mmm.notifications","background":true},{"v":2,"key":{"platform":1,"to":1},"name":"platform_1_to_1","ns":"dam_mmm.notifications","background":true},{"v":2,"key":{"banner":1,"to":1},"name":"banner_1_to_1","ns":"dam_mmm.notifications","background":true},{"v":2,"key":{"right":1,"to":1},"name":"right_1_to_1","ns":"dam_mmm.notifications","background":true},{"v":2,"key":{"created_at":1},"name":"created_at_1","ns":"dam_mmm.notifications","background":true},{"v":2,"key":{"category":1,"type":1,"id":1,"from":1,"to":1},"name":"category_1_type_1_id_1_from_1_to_1","ns":"dam_mmm.notifications","background":true},{"v":2,"key":{"_fts":"text","_ftsx":1},"name":"$**_text","ns":"dam_mmm.notifications","background":true,"weights":{"$**":1},"default_language":"english","language_override":"language","textIndexVersion":3}],"uuid":"e665ef1e682940eb832f75f4610d0b92"}