{"options":{},"indexes":[{"v":2,"key":{"_id":1},"name":"_id_","ns":"dam_mmm.partners"},{"v":2,"key":{"_id":1,"official_name":1},"name":"_id_1_official_name_1","ns":"dam_mmm.partners","background":true},{"v":2,"key":{"_id":1,"official_name":1,"created_at":1,"modified_at":1,"completed_fields_count":1,"percentage_of_completion":1,"quality_check.status":1},"name":"iocmcpq","ns":"dam_mmm.partners","background":true},{"v":2,"key":{"_id":1,"official_name":1,"custom_Id":1,"payment_method":1,"bank_name":1,"bank_account_number":1,"IFSC_code":1,"PayPal_ID":1,"branch_name":1,"swift_code":1},"name":"iocpbbipbs","ns":"dam_mmm.partners","background":true},{"v":2,"key":{"_fts":"text","_ftsx":1},"name":"$**_text","ns":"dam_mmm.partners","background":true,"weights":{"$**":1},"default_language":"english","language_override":"language","textIndexVersion":3},{"v":2,"unique":true,"key":{"official_name":1},"name":"official_name_1","ns":"dam_mmm.partners","background":true},{"v":2,"unique":true,"key":{"custom_Id":1},"name":"custom_Id_1","ns":"dam_mmm.partners","background":true}],"uuid":"1df5dd4126ee44508f4649c9c9efb665"}