{"options":{},"indexes":[{"v":2,"key":{"_id":1},"name":"_id_","ns":"dam_mmm.platforms"},{"v":2,"key":{"_id":1,"type":1},"name":"_id_1_type_1","ns":"dam_mmm.platforms","background":true},{"v":2,"key":{"_id":1,"name":1},"name":"_id_1_name_1","ns":"dam_mmm.platforms","background":true},{"v":2,"key":{"_id":1,"id":1},"name":"_id_1_id_1","ns":"dam_mmm.platforms","background":true},{"v":2,"key":{"_id":1,"name":1,"id":1,"created_at":1,"modified_at":1,"completed_fields_count":1,"percentage_of_completion":1,"quality_check.status":1},"name":"inicmcpq","ns":"dam_mmm.platforms","background":true},{"v":2,"key":{"_fts":"text","_ftsx":1},"name":"$**_text","ns":"dam_mmm.platforms","background":true,"weights":{"$**":1},"default_language":"english","language_override":"language","textIndexVersion":3},{"v":2,"unique":true,"key":{"id":1},"name":"id_1","ns":"dam_mmm.platforms","background":true},{"v":2,"unique":true,"key":{"name":1},"name":"name_1","ns":"dam_mmm.platforms","background":true}],"uuid":"0e83298599ff4a36bc2deda2bcaf3922"}