{"options":{},"indexes":[{"v":2,"key":{"_id":1},"name":"_id_","ns":"dam_mmm.projects"},{"v":2,"key":{"project_id":1},"name":"project_id_1","ns":"dam_mmm.projects","background":true},{"v":2,"key":{"name":1},"name":"name_1","ns":"dam_mmm.projects","background":true},{"v":2,"key":{"description":1},"name":"description_1","ns":"dam_mmm.projects","background":true},{"v":2,"key":{"type":1},"name":"type_1","ns":"dam_mmm.projects","background":true},{"v":2,"key":{"created_at":1},"name":"created_at_1","ns":"dam_mmm.projects","background":true},{"v":2,"key":{"modified_at":1},"name":"modified_at_1","ns":"dam_mmm.projects","background":true},{"v":2,"key":{"start_date":1},"name":"start_date_1","ns":"dam_mmm.projects","background":true},{"v":2,"key":{"publish_date":1},"name":"publish_date_1","ns":"dam_mmm.projects","background":true},{"v":2,"key":{"end_date":1},"name":"end_date_1","ns":"dam_mmm.projects","background":true},{"v":2,"key":{"completed_fields_count":1},"name":"completed_fields_count_1","ns":"dam_mmm.projects","background":true},{"v":2,"key":{"percentage_of_completion":1},"name":"percentage_of_completion_1","ns":"dam_mmm.projects","background":true},{"v":2,"key":{"_id":1,"quality_check.status":1},"name":"_id_1_quality_check.status_1","ns":"dam_mmm.projects","background":true},{"v":2,"key":{"_id":1,"created_at":1,"start_date":1,"end_date":1},"name":"_id_1_created_at_1_start_date_1_end_date_1","ns":"dam_mmm.projects","background":true},{"v":2,"key":{"_id":1,"created_at":1,"modified_at":1,"completed_fields_count":1,"percentage_of_completion":1,"quality_check.status":1},"name":"_id_1_created_at_1_modified_at_1_completed_fields_count_1_percentage_of_completion_1_quality_check.status_1","ns":"dam_mmm.projects","background":true},{"v":2,"key":{"_fts":"text","_ftsx":1},"name":"$**_text","ns":"dam_mmm.projects","background":true,"weights":{"$**":1},"default_language":"english","language_override":"language","textIndexVersion":3}],"uuid":"0e5bbfe21a24407c97c7f6b9ac6f4fc9"}