{"options":{},"indexes":[{"v":2,"key":{"_id":1},"name":"_id_","ns":"dam_mmm.right_monetization_models"},{"v":2,"key":{"_fts":"text","_ftsx":1},"name":"$**_text","ns":"dam_mmm.right_monetization_models","background":true,"weights":{"$**":1},"default_language":"english","language_override":"language","textIndexVersion":3},{"v":2,"key":{"created_at":1},"name":"created_at_1","ns":"dam_mmm.right_monetization_models","background":true},{"v":2,"key":{"modified_at":1},"name":"modified_at_1","ns":"dam_mmm.right_monetization_models","background":true},{"v":2,"unique":true,"key":{"name":1,"group":1},"name":"name_1_group_1","ns":"dam_mmm.right_monetization_models","background":true}],"uuid":"92c51d2eb6b044d7a6a09e8900affdaf"}