{"options":{},"indexes":[{"v":2,"key":{"_id":1},"name":"_id_","ns":"dam_mmm.rights"},{"v":2,"key":{"name":1},"name":"name_1","ns":"dam_mmm.rights","background":true},{"v":2,"key":{"type":1},"name":"type_1","ns":"dam_mmm.rights","background":true},{"v":2,"key":{"groups":1},"name":"groups_1","ns":"dam_mmm.rights","background":true},{"v":2,"key":{"_id":1,"type":1},"name":"_id_1_type_1","ns":"dam_mmm.rights","background":true},{"v":2,"key":{"_id":1,"name":1},"name":"_id_1_name_1","ns":"dam_mmm.rights","background":true},{"v":2,"key":{"_id":1,"name":1,"id":1,"created_at":1,"modified_at":1,"completed_fields_count":1,"percentage_of_completion":1,"quality_check.status":1},"name":"inicmcpq","ns":"dam_mmm.rights","background":true},{"v":2,"key":{"_fts":"text","_ftsx":1},"name":"$**_text","ns":"dam_mmm.rights","background":true,"weights":{"$**":1},"default_language":"english","language_override":"language","textIndexVersion":3},{"v":2,"unique":true,"key":{"id":1},"name":"id_1","ns":"dam_mmm.rights","background":true}],"uuid":"28e7038ce2f84ec585d313e3f1fb16b5"}