{"options":{},"indexes":[{"v":2,"key":{"_id":1},"name":"_id_","ns":"dam_mmm.right_groups"},{"v":2,"key":{"created_at":1},"name":"created_at_1","ns":"dam_mmm.right_groups","background":true},{"v":2,"key":{"modified_at":1},"name":"modified_at_1","ns":"dam_mmm.right_groups","background":true},{"v":2,"key":{"_fts":"text","_ftsx":1},"name":"$**_text","ns":"dam_mmm.right_groups","background":true,"weights":{"$**":1},"default_language":"english","language_override":"language","textIndexVersion":3},{"v":2,"unique":true,"key":{"name":1},"name":"name_1","ns":"dam_mmm.right_groups","background":true}],"uuid":"b11964f7e46c413cb581b91d1ceafe2e"}