{"options":{},"indexes":[{"v":2,"key":{"_id":1},"name":"_id_","ns":"dam_mmm.right_delivery_media"},{"v":2,"key":{"_fts":"text","_ftsx":1},"name":"$**_text","ns":"dam_mmm.right_delivery_media","background":true,"weights":{"$**":1},"default_language":"english","language_override":"language","textIndexVersion":3},{"v":2,"key":{"created_at":1},"name":"created_at_1","ns":"dam_mmm.right_delivery_media","background":true},{"v":2,"key":{"modified_at":1},"name":"modified_at_1","ns":"dam_mmm.right_delivery_media","background":true},{"v":2,"unique":true,"key":{"name":1,"group":1},"name":"name_1_group_1","ns":"dam_mmm.right_delivery_media","background":true}],"uuid":"01283c94679b412398060a6eb7e86358"}